model,accuracy_cv,accuracy_std,precision_cv,precision_std,recall_cv,recall_std,f1_cv,f1_std,roc_auc_cv,roc_auc_std,accuracy_test,precision_test,recall_test,f1_test,roc_auc_test
logistic_regression,0.6261874893019985,0.0010755520726683872,0.5296158234725815,0.0009989599150806159,0.6657829969443855,0.003547223059163589,0.589941575115457,0.0018984618895466065,0.6865826063711608,0.0015435185845646122,0.6307678388322576,0.5339579146471214,0.674544504181601,0.5960739030023094,0.6893869674723839
random_forest,0.6638593966753309,0.0015067591335402126,0.5705022676958283,0.001490939817016071,0.6786543818888203,0.0028858117127084646,0.6198955103564348,0.0020088430941314485,0.7292366967426538,0.001329027625496397,0.6628717051691899,0.5687742737299984,0.6834677419354839,0.6208685919720531,0.7302083958554635
xgboost,0.6674256527651345,0.0014376851913561522,0.5720565894185161,0.0016434520986067715,0.7009249672771412,0.0014555887418173088,0.6299660552481281,0.0011940808856260982,0.737530983183321,0.0014709592687715532,0.6673201037457024,0.5714588377723971,0.7049357825567503,0.6312182401711688,0.7384825325370454
